customer_id,meter_id,billing_month,consumption_kwh,bill_amount,estimated_read,meter_status
CUST0000,MTR0000,2025-01,395,71.1,False,ESTIMATED
CUST0000,MTR0000,2025-02,598,107.64,False,MISSING
CUST0000,MTR0000,2025-03,344,61.92,False,MISSING
CUST0000,MTR0000,2025-04,320,57.6,False,VALID
CUST0000,MTR0000,2025-05,315,56.7,False,MISSING
CUST0000,MTR0000,2025-06,357,64.26,True,VALID
CUST0000,MTR0000,2025-07,367,66.06,True,VALID
CUST0000,MTR0000,2025-08,299,53.82,False,ESTIMATED
CUST0000,MTR0000,2025-09,391,70.38,True,ESTIMATED
CUST0000,MTR0000,2025-10,315,56.7,True,ESTIMATED
CUST0000,MTR0000,2025-11,318,57.24,False,VALID
CUST0000,MTR0000,2025-12,303,54.54,False,MISSING
CUST0001,MTR0001,2025-01,343,61.74,False,MISSING
CUST0001,MTR0001,2025-02,338,60.84,False,VALID
CUST0001,MTR0001,2025-03,328,59.04,True,MISSING
CUST0001,MTR0001,2025-04,327,58.86,False,VALID
CUST0001,MTR0001,2025-05,403,72.54,False,ESTIMATED
CUST0001,MTR0001,2025-06,312,56.16,False,VALID
CUST0001,MTR0001,2025-07,357,64.26,True,VALID
CUST0001,MTR0001,2025-08,389,70.02,False,VALID
CUST0001,MTR0001,2025-09,345,62.1,True,VALID
CUST0001,MTR0001,2025-10,403,72.54,False,VALID
CUST0001,MTR0001,2025-11,393,70.74,False,VALID
CUST0001,MTR0001,2025-12,338,60.84,False,VALID
CUST0002,MTR0002,2025-01,588,105.84,True,VALID
CUST0002,MTR0002,2025-02,552,99.36,False,VALID
CUST0002,MTR0002,2025-03,1090,196.2,False,VALID
CUST0002,MTR0002,2025-04,564,101.52,False,ESTIMATED
CUST0002,MTR0002,2025-05,511,91.98,False,VALID
CUST0002,MTR0002,2025-06,536,96.48,False,MISSING
CUST0002,MTR0002,2025-07,587,105.66,False,VALID
CUST0002,MTR0002,2025-08,532,95.76,False,ESTIMATED
CUST0002,MTR0002,2025-09,587,105.66,False,VALID
CUST0002,MTR0002,2025-10,508,91.44,True,VALID
CUST0002,MTR0002,2025-11,529,95.22,False,MISSING
CUST0002,MTR0002,2025-12,523,94.14,False,VALID
CUST0003,MTR0003,2025-01,411,73.98,False,VALID
CUST0003,MTR0003,2025-02,392,70.56,True,VALID
CUST0003,MTR0003,2025-03,712,128.16,False,ESTIMATED
CUST0003,MTR0003,2025-04,358,64.44,True,VALID
CUST0003,MTR0003,2025-05,363,65.34,True,ESTIMATED
CUST0003,MTR0003,2025-06,379,68.22,False,VALID
CUST0003,MTR0003,2025-07,388,69.84,False,MISSING
CUST0003,MTR0003,2025-08,358,64.44,False,VALID
CUST0003,MTR0003,2025-09,402,72.36,False,ESTIMATED
CUST0003,MTR0003,2025-10,372,66.96,False,MISSING
CUST0003,MTR0003,2025-11,398,71.64,False,MISSING
CUST0003,MTR0003,2025-12,446,80.28,False,VALID
CUST0004,MTR0004,2025-01,294,52.92,True,VALID
CUST0004,MTR0004,2025-02,274,49.32,False,ESTIMATED
CUST0004,MTR0004,2025-03,294,52.92,False,MISSING
CUST0004,MTR0004,2025-04,351,63.18,False,VALID
CUST0004,MTR0004,2025-05,316,56.88,False,MISSING
CUST0004,MTR0004,2025-06,318,57.24,False,VALID
CUST0004,MTR0004,2025-07,360,64.8,True,VALID
CUST0004,MTR0004,2025-08,644,115.92,False,ESTIMATED
CUST0004,MTR0004,2025-09,330,59.4,False,MISSING
CUST0004,MTR0004,2025-10,332,59.76,True,ESTIMATED
CUST0004,MTR0004,2025-11,305,54.9,False,VALID
CUST0004,MTR0004,2025-12,286,51.48,False,VALID
CUST0005,MTR0005,2025-01,266,47.88,False,VALID
CUST0005,MTR0005,2025-02,215,38.7,False,VALID
CUST0005,MTR0005,2025-03,276,49.68,False,VALID
CUST0005,MTR0005,2025-04,258,46.44,False,VALID
CUST0005,MTR0005,2025-05,257,46.26,True,ESTIMATED
CUST0005,MTR0005,2025-06,1020,183.6,True,VALID
CUST0005,MTR0005,2025-07,236,42.48,False,MISSING
CUST0005,MTR0005,2025-08,259,46.62,False,ESTIMATED
CUST0005,MTR0005,2025-09,292,52.56,False,VALID
CUST0005,MTR0005,2025-10,304,54.72,False,VALID
CUST0005,MTR0005,2025-11,256,46.08,False,VALID
CUST0005,MTR0005,2025-12,209,37.62,True,VALID
CUST0006,MTR0006,2025-01,565,101.7,False,VALID
CUST0006,MTR0006,2025-02,555,99.9,True,VALID
CUST0006,MTR0006,2025-03,591,106.38,False,ESTIMATED
CUST0006,MTR0006,2025-04,2324,418.32,False,MISSING
CUST0006,MTR0006,2025-05,547,98.46,True,VALID
CUST0006,MTR0006,2025-06,601,108.18,False,VALID
CUST0006,MTR0006,2025-07,594,106.92,False,VALID
CUST0006,MTR0006,2025-08,561,100.98,False,MISSING
CUST0006,MTR0006,2025-09,520,93.6,False,VALID
CUST0006,MTR0006,2025-10,549,98.82,False,MISSING
CUST0006,MTR0006,2025-11,572,102.96,True,VALID
CUST0006,MTR0006,2025-12,529,95.22,False,ESTIMATED
CUST0007,MTR0007,2025-01,340,61.2,False,MISSING
CUST0007,MTR0007,2025-02,395,71.1,False,ESTIMATED
CUST0007,MTR0007,2025-03,379,68.22,True,VALID
CUST0007,MTR0007,2025-04,380,68.4,True,VALID
CUST0007,MTR0007,2025-05,424,76.32,False,VALID
CUST0007,MTR0007,2025-06,372,66.96,True,ESTIMATED
CUST0007,MTR0007,2025-07,347,62.46,False,MISSING
CUST0007,MTR0007,2025-08,424,76.32,False,VALID
CUST0007,MTR0007,2025-09,440,79.2,False,VALID
CUST0007,MTR0007,2025-10,355,63.9,False,MISSING
CUST0007,MTR0007,2025-11,1083,194.94,False,ESTIMATED
CUST0007,MTR0007,2025-12,1161,208.98,False,VALID
CUST0008,MTR0008,2025-01,419,75.42,False,VALID
CUST0008,MTR0008,2025-02,435,78.3,True,VALID
CUST0008,MTR0008,2025-03,385,69.3,True,VALID
CUST0008,MTR0008,2025-04,430,77.4,False,VALID
CUST0008,MTR0008,2025-05,396,71.28,True,VALID
CUST0008,MTR0008,2025-06,455,81.9,False,VALID
CUST0008,MTR0008,2025-07,1365,245.7,False,ESTIMATED
CUST0008,MTR0008,2025-08,480,86.4,False,ESTIMATED
CUST0008,MTR0008,2025-09,444,79.92,False,VALID
CUST0008,MTR0008,2025-10,463,83.34,False,ESTIMATED
CUST0008,MTR0008,2025-11,848,152.64,False,MISSING
CUST0008,MTR0008,2025-12,419,75.42,True,VALID
CUST0009,MTR0009,2025-01,415,74.7,False,ESTIMATED
CUST0009,MTR0009,2025-02,386,69.48,False,VALID
CUST0009,MTR0009,2025-03,880,158.4,True,VALID
CUST0009,MTR0009,2025-04,353,63.54,False,VALID
CUST0009,MTR0009,2025-05,367,66.06,True,VALID
CUST0009,MTR0009,2025-06,441,79.38,False,VALID
CUST0009,MTR0009,2025-07,370,66.6,False,VALID
CUST0009,MTR0009,2025-08,415,74.7,False,ESTIMATED
CUST0009,MTR0009,2025-09,393,70.74,True,MISSING
CUST0009,MTR0009,2025-10,365,65.7,True,ESTIMATED
CUST0009,MTR0009,2025-11,406,73.08,True,VALID
CUST0009,MTR0009,2025-12,381,68.58,False,ESTIMATED
CUST0010,MTR0010,2025-01,333,59.94,True,ESTIMATED
CUST0010,MTR0010,2025-02,322,57.96,False,MISSING
CUST0010,MTR0010,2025-03,283,50.94,False,VALID
CUST0010,MTR0010,2025-04,369,66.42,False,ESTIMATED
CUST0010,MTR0010,2025-05,286,51.48,False,VALID
CUST0010,MTR0010,2025-06,364,65.52,False,VALID
CUST0010,MTR0010,2025-07,849,152.82,False,VALID
CUST0010,MTR0010,2025-08,290,52.2,False,MISSING
CUST0010,MTR0010,2025-09,317,57.06,False,ESTIMATED
CUST0010,MTR0010,2025-10,303,54.54,False,ESTIMATED
CUST0010,MTR0010,2025-11,347,62.46,False,ESTIMATED
CUST0010,MTR0010,2025-12,293,52.74,False,ESTIMATED
CUST0011,MTR0011,2025-01,542,97.56,False,VALID
CUST0011,MTR0011,2025-02,336,60.48,False,VALID
CUST0011,MTR0011,2025-03,548,98.64,False,VALID
CUST0011,MTR0011,2025-04,267,48.06,False,VALID
CUST0011,MTR0011,2025-05,783,140.94,True,MISSING
CUST0011,MTR0011,2025-06,331,59.58,False,VALID
CUST0011,MTR0011,2025-07,349,62.82,True,MISSING
CUST0011,MTR0011,2025-08,349,62.82,True,VALID
CUST0011,MTR0011,2025-09,319,57.42,False,VALID
CUST0011,MTR0011,2025-10,327,58.86,False,MISSING
CUST0011,MTR0011,2025-11,328,59.04,False,ESTIMATED
CUST0011,MTR0011,2025-12,265,47.7,False,MISSING
CUST0012,MTR0012,2025-01,641,115.38,False,ESTIMATED
CUST0012,MTR0012,2025-02,657,118.26,False,ESTIMATED
CUST0012,MTR0012,2025-03,2696,485.28,False,VALID
CUST0012,MTR0012,2025-04,671,120.78,False,MISSING
CUST0012,MTR0012,2025-05,664,119.52,False,MISSING
CUST0012,MTR0012,2025-06,599,107.82,False,MISSING
CUST0012,MTR0012,2025-07,676,121.68,False,VALID
CUST0012,MTR0012,2025-08,663,119.34,False,ESTIMATED
CUST0012,MTR0012,2025-09,662,119.16,False,VALID
CUST0012,MTR0012,2025-10,687,123.66,False,ESTIMATED
CUST0012,MTR0012,2025-11,608,109.44,False,VALID
CUST0012,MTR0012,2025-12,656,118.08,False,MISSING
CUST0013,MTR0013,2025-01,521,93.78,False,VALID
CUST0013,MTR0013,2025-02,476,85.68,False,ESTIMATED
CUST0013,MTR0013,2025-03,478,86.04,False,VALID
CUST0013,MTR0013,2025-04,450,81.0,False,VALID
CUST0013,MTR0013,2025-05,491,88.38,True,VALID
CUST0013,MTR0013,2025-06,461,82.98,True,VALID
CUST0013,MTR0013,2025-07,448,80.64,True,ESTIMATED
CUST0013,MTR0013,2025-08,1467,264.06,False,MISSING
CUST0013,MTR0013,2025-09,483,86.94,True,VALID
CUST0013,MTR0013,2025-10,515,92.7,False,VALID
CUST0013,MTR0013,2025-11,504,90.72,False,ESTIMATED
CUST0013,MTR0013,2025-12,458,82.44,False,ESTIMATED
CUST0014,MTR0014,2025-01,1689,304.02,False,VALID
CUST0014,MTR0014,2025-02,554,99.72,True,VALID
CUST0014,MTR0014,2025-03,627,112.86,False,VALID
CUST0014,MTR0014,2025-04,558,100.44,False,VALID
CUST0014,MTR0014,2025-05,562,101.16,True,VALID
CUST0014,MTR0014,2025-06,604,108.72,True,ESTIMATED
CUST0014,MTR0014,2025-07,622,111.96,True,MISSING
CUST0014,MTR0014,2025-08,620,111.6,False,VALID
CUST0014,MTR0014,2025-09,623,112.14,True,ESTIMATED
CUST0014,MTR0014,2025-10,575,103.5,True,MISSING
CUST0014,MTR0014,2025-11,557,100.26,False,ESTIMATED
CUST0014,MTR0014,2025-12,598,107.64,False,MISSING
CUST0015,MTR0015,2025-01,429,77.22,False,ESTIMATED
CUST0015,MTR0015,2025-02,436,78.48,False,VALID
CUST0015,MTR0015,2025-03,449,80.82,False,ESTIMATED
CUST0015,MTR0015,2025-04,389,70.02,False,VALID
CUST0015,MTR0015,2025-05,418,75.24,False,VALID
CUST0015,MTR0015,2025-06,476,85.68,False,VALID
CUST0015,MTR0015,2025-07,381,68.58,False,VALID
CUST0015,MTR0015,2025-08,407,73.26,True,VALID
CUST0015,MTR0015,2025-09,428,77.04,False,VALID
CUST0015,MTR0015,2025-10,392,70.56,False,VALID
CUST0015,MTR0015,2025-11,462,83.16,True,VALID
CUST0015,MTR0015,2025-12,414,74.52,False,ESTIMATED
CUST0016,MTR0016,2025-01,485,87.3,False,VALID
CUST0016,MTR0016,2025-02,415,74.7,False,ESTIMATED
CUST0016,MTR0016,2025-03,479,86.22,True,VALID
CUST0016,MTR0016,2025-04,453,81.54,False,ESTIMATED
CUST0016,MTR0016,2025-05,484,87.12,False,MISSING
CUST0016,MTR0016,2025-06,474,85.32,False,ESTIMATED
CUST0016,MTR0016,2025-07,478,86.04,False,VALID
CUST0016,MTR0016,2025-08,479,86.22,False,VALID
CUST0016,MTR0016,2025-09,426,76.68,False,MISSING
CUST0016,MTR0016,2025-10,484,87.12,True,VALID
CUST0016,MTR0016,2025-11,497,89.46,False,MISSING
CUST0016,MTR0016,2025-12,467,84.06,True,MISSING
CUST0017,MTR0017,2025-01,581,104.58,False,VALID
CUST0017,MTR0017,2025-02,610,109.8,False,MISSING
CUST0017,MTR0017,2025-03,578,104.04,False,MISSING
CUST0017,MTR0017,2025-04,623,112.14,False,VALID
CUST0017,MTR0017,2025-05,611,109.98,True,VALID
CUST0017,MTR0017,2025-06,658,118.44,False,ESTIMATED
CUST0017,MTR0017,2025-07,573,103.14,False,VALID
CUST0017,MTR0017,2025-08,629,113.22,False,VALID
CUST0017,MTR0017,2025-09,622,111.96,False,MISSING
CUST0017,MTR0017,2025-10,642,115.56,False,VALID
CUST0017,MTR0017,2025-11,580,104.4,False,ESTIMATED
CUST0017,MTR0017,2025-12,645,116.1,True,ESTIMATED
CUST0018,MTR0018,2025-01,504,90.72,False,MISSING
CUST0018,MTR0018,2025-02,502,90.36,False,MISSING
CUST0018,MTR0018,2025-03,496,89.28,False,VALID
CUST0018,MTR0018,2025-04,426,76.68,False,VALID
CUST0018,MTR0018,2025-05,428,77.04,False,VALID
CUST0018,MTR0018,2025-06,461,82.98,False,VALID
CUST0018,MTR0018,2025-07,412,74.16,False,VALID
CUST0018,MTR0018,2025-08,455,81.9,True,VALID
CUST0018,MTR0018,2025-09,441,79.38,True,MISSING
CUST0018,MTR0018,2025-10,411,73.98,True,ESTIMATED
CUST0018,MTR0018,2025-11,452,81.36,True,VALID
CUST0018,MTR0018,2025-12,466,83.88,False,MISSING
CUST0019,MTR0019,2025-01,294,52.92,False,ESTIMATED
CUST0019,MTR0019,2025-02,328,59.04,False,VALID
CUST0019,MTR0019,2025-03,1340,241.2,True,VALID
CUST0019,MTR0019,2025-04,254,45.72,False,VALID
CUST0019,MTR0019,2025-05,316,56.88,False,VALID
CUST0019,MTR0019,2025-06,344,61.92,False,VALID
CUST0019,MTR0019,2025-07,302,54.36,False,VALID
CUST0019,MTR0019,2025-08,300,54.0,False,VALID
CUST0019,MTR0019,2025-09,584,105.12,False,VALID
CUST0019,MTR0019,2025-10,246,44.28,False,VALID
CUST0019,MTR0019,2025-11,274,49.32,True,VALID
CUST0019,MTR0019,2025-12,281,50.58,True,VALID
CUST0020,MTR0020,2025-01,427,76.86,False,VALID
CUST0020,MTR0020,2025-02,401,72.18,False,ESTIMATED
CUST0020,MTR0020,2025-03,394,70.92,False,ESTIMATED
CUST0020,MTR0020,2025-04,393,70.74,True,VALID
CUST0020,MTR0020,2025-05,386,69.48,False,ESTIMATED
CUST0020,MTR0020,2025-06,376,67.68,False,VALID
CUST0020,MTR0020,2025-07,1077,193.86,True,VALID
CUST0020,MTR0020,2025-08,392,70.56,True,VALID
CUST0020,MTR0020,2025-09,436,78.48,True,VALID
CUST0020,MTR0020,2025-10,413,74.34,False,VALID
CUST0020,MTR0020,2025-11,391,70.38,False,ESTIMATED
CUST0020,MTR0020,2025-12,342,61.56,False,VALID
CUST0021,MTR0021,2025-01,2708,487.44,False,MISSING
CUST0021,MTR0021,2025-02,2632,473.76,False,VALID
CUST0021,MTR0021,2025-03,1959,352.62,False,VALID
CUST0021,MTR0021,2025-04,659,118.62,False,MISSING
CUST0021,MTR0021,2025-05,624,112.32,True,ESTIMATED
CUST0021,MTR0021,2025-06,648,116.64,False,ESTIMATED
CUST0021,MTR0021,2025-07,698,125.64,False,MISSING
CUST0021,MTR0021,2025-08,621,111.78,False,VALID
CUST0021,MTR0021,2025-09,635,114.3,True,MISSING
CUST0021,MTR0021,2025-10,686,123.48,False,VALID
CUST0021,MTR0021,2025-11,677,121.86,False,MISSING
CUST0021,MTR0021,2025-12,614,110.52,True,VALID
CUST0022,MTR0022,2025-01,433,77.94,False,ESTIMATED
CUST0022,MTR0022,2025-02,460,82.8,False,MISSING
CUST0022,MTR0022,2025-03,426,76.68,False,VALID
CUST0022,MTR0022,2025-04,505,90.9,False,VALID
CUST0022,MTR0022,2025-05,459,82.62,False,ESTIMATED
CUST0022,MTR0022,2025-06,424,76.32,False,MISSING
CUST0022,MTR0022,2025-07,484,87.12,True,MISSING
CUST0022,MTR0022,2025-08,419,75.42,True,ESTIMATED
CUST0022,MTR0022,2025-09,459,82.62,True,MISSING
CUST0022,MTR0022,2025-10,502,90.36,True,VALID
CUST0022,MTR0022,2025-11,476,85.68,True,VALID
CUST0022,MTR0022,2025-12,410,73.8,True,VALID
CUST0023,MTR0023,2025-01,1596,287.28,False,VALID
CUST0023,MTR0023,2025-02,369,66.42,False,VALID
CUST0023,MTR0023,2025-03,391,70.38,True,VALID
CUST0023,MTR0023,2025-04,361,64.98,True,MISSING
CUST0023,MTR0023,2025-05,403,72.54,False,VALID
CUST0023,MTR0023,2025-06,419,75.42,True,VALID
CUST0023,MTR0023,2025-07,404,72.72,False,VALID
CUST0023,MTR0023,2025-08,417,75.06,False,VALID
CUST0023,MTR0023,2025-09,389,70.02,True,VALID
CUST0023,MTR0023,2025-10,424,76.32,False,VALID
CUST0023,MTR0023,2025-11,380,68.4,True,VALID
CUST0023,MTR0023,2025-12,363,65.34,True,ESTIMATED
CUST0024,MTR0024,2025-01,652,117.36,True,ESTIMATED
CUST0024,MTR0024,2025-02,636,114.48,True,ESTIMATED
CUST0024,MTR0024,2025-03,617,111.06,False,ESTIMATED
CUST0024,MTR0024,2025-04,640,115.2,False,MISSING
CUST0024,MTR0024,2025-05,671,120.78,False,MISSING
CUST0024,MTR0024,2025-06,615,110.7,False,VALID
CUST0024,MTR0024,2025-07,665,119.7,True,VALID
CUST0024,MTR0024,2025-08,677,121.86,False,MISSING
CUST0024,MTR0024,2025-09,647,116.46,False,VALID
CUST0024,MTR0024,2025-10,614,110.52,False,VALID
CUST0024,MTR0024,2025-11,655,117.9,False,VALID
CUST0024,MTR0024,2025-12,687,123.66,True,VALID
CUST0025,MTR0025,2025-01,549,98.82,True,MISSING
CUST0025,MTR0025,2025-02,579,104.22,False,VALID
CUST0025,MTR0025,2025-03,539,97.02,True,MISSING
CUST0025,MTR0025,2025-04,533,95.94,True,VALID
CUST0025,MTR0025,2025-05,520,93.6,False,MISSING
CUST0025,MTR0025,2025-06,555,99.9,True,ESTIMATED
CUST0025,MTR0025,2025-07,536,96.48,True,MISSING
CUST0025,MTR0025,2025-08,509,91.62,False,VALID
CUST0025,MTR0025,2025-09,553,99.54,True,MISSING
CUST0025,MTR0025,2025-10,576,103.68,True,VALID
CUST0025,MTR0025,2025-11,523,94.14,True,VALID
CUST0025,MTR0025,2025-12,502,90.36,False,ESTIMATED
CUST0026,MTR0026,2025-01,414,74.52,False,VALID
CUST0026,MTR0026,2025-02,438,78.84,False,MISSING
CUST0026,MTR0026,2025-03,455,81.9,True,ESTIMATED
CUST0026,MTR0026,2025-04,402,72.36,True,VALID
CUST0026,MTR0026,2025-05,466,83.88,False,MISSING
CUST0026,MTR0026,2025-06,455,81.9,False,VALID
CUST0026,MTR0026,2025-07,410,73.8,False,VALID
CUST0026,MTR0026,2025-08,449,80.82,False,VALID
CUST0026,MTR0026,2025-09,369,66.42,False,VALID
CUST0026,MTR0026,2025-10,465,83.7,False,VALID
CUST0026,MTR0026,2025-11,405,72.9,False,VALID
CUST0026,MTR0026,2025-12,420,75.6,False,ESTIMATED
CUST0027,MTR0027,2025-01,378,68.04,True,MISSING
CUST0027,MTR0027,2025-02,404,72.72,False,VALID
CUST0027,MTR0027,2025-03,397,71.46,False,ESTIMATED
CUST0027,MTR0027,2025-04,362,65.16,False,VALID
CUST0027,MTR0027,2025-05,440,79.2,False,MISSING
CUST0027,MTR0027,2025-06,401,72.18,True,VALID
CUST0027,MTR0027,2025-07,440,79.2,True,MISSING
CUST0027,MTR0027,2025-08,1512,272.16,True,VALID
CUST0027,MTR0027,2025-09,447,80.46,False,MISSING
CUST0027,MTR0027,2025-10,439,79.02,False,MISSING
CUST0027,MTR0027,2025-11,423,76.14,False,VALID
CUST0027,MTR0027,2025-12,894,160.92,False,ESTIMATED
CUST0028,MTR0028,2025-01,361,64.98,False,ESTIMATED
CUST0028,MTR0028,2025-02,375,67.5,False,VALID
CUST0028,MTR0028,2025-03,341,61.38,False,ESTIMATED
CUST0028,MTR0028,2025-04,292,52.56,True,VALID
CUST0028,MTR0028,2025-05,304,54.72,False,ESTIMATED
CUST0028,MTR0028,2025-06,336,60.48,True,VALID
CUST0028,MTR0028,2025-07,343,61.74,False,MISSING
CUST0028,MTR0028,2025-08,370,66.6,False,VALID
CUST0028,MTR0028,2025-09,343,61.74,True,VALID
CUST0028,MTR0028,2025-10,291,52.38,False,MISSING
CUST0028,MTR0028,2025-11,346,62.28,False,VALID
CUST0028,MTR0028,2025-12,305,54.9,False,MISSING
CUST0029,MTR0029,2025-01,331,59.58,False,MISSING
CUST0029,MTR0029,2025-02,293,52.74,True,VALID
CUST0029,MTR0029,2025-03,308,55.44,False,VALID
CUST0029,MTR0029,2025-04,272,48.96,False,VALID
CUST0029,MTR0029,2025-05,303,54.54,False,VALID
CUST0029,MTR0029,2025-06,292,52.56,False,VALID
CUST0029,MTR0029,2025-07,301,54.18,False,MISSING
CUST0029,MTR0029,2025-08,339,61.02,False,VALID
CUST0029,MTR0029,2025-09,321,57.78,False,MISSING
CUST0029,MTR0029,2025-10,262,47.16,False,VALID
CUST0029,MTR0029,2025-11,322,57.96,True,VALID
CUST0029,MTR0029,2025-12,342,61.56,False,ESTIMATED
CUST0030,MTR0030,2025-01,317,57.06,False,MISSING
CUST0030,MTR0030,2025-02,273,49.14,False,VALID
CUST0030,MTR0030,2025-03,326,58.68,False,VALID
CUST0030,MTR0030,2025-04,290,52.2,False,VALID
CUST0030,MTR0030,2025-05,337,60.66,True,VALID
CUST0030,MTR0030,2025-06,344,61.92,True,ESTIMATED
CUST0030,MTR0030,2025-07,282,50.76,False,VALID
CUST0030,MTR0030,2025-08,370,66.6,True,MISSING
CUST0030,MTR0030,2025-09,323,58.14,False,ESTIMATED
CUST0030,MTR0030,2025-10,344,61.92,False,MISSING
CUST0030,MTR0030,2025-11,361,64.98,False,MISSING
CUST0030,MTR0030,2025-12,308,55.44,True,VALID
CUST0031,MTR0031,2025-01,677,121.86,False,MISSING
CUST0031,MTR0031,2025-02,684,123.12,False,ESTIMATED
CUST0031,MTR0031,2025-03,1402,252.36,False,VALID
CUST0031,MTR0031,2025-04,640,115.2,False,MISSING
CUST0031,MTR0031,2025-05,665,119.7,False,VALID
CUST0031,MTR0031,2025-06,1384,249.12,False,VALID
CUST0031,MTR0031,2025-07,716,128.88,False,VALID
CUST0031,MTR0031,2025-08,697,125.46,True,VALID
CUST0031,MTR0031,2025-09,717,129.06,False,VALID
CUST0031,MTR0031,2025-10,711,127.98,False,MISSING
CUST0031,MTR0031,2025-11,677,121.86,False,ESTIMATED
CUST0031,MTR0031,2025-12,682,122.76,False,VALID
CUST0032,MTR0032,2025-01,298,53.64,True,MISSING
CUST0032,MTR0032,2025-02,259,46.62,False,VALID
CUST0032,MTR0032,2025-03,269,48.42,True,MISSING
CUST0032,MTR0032,2025-04,299,53.82,False,VALID
CUST0032,MTR0032,2025-05,278,50.04,False,VALID
CUST0032,MTR0032,2025-06,288,51.84,False,VALID
CUST0032,MTR0032,2025-07,276,49.68,False,ESTIMATED
CUST0032,MTR0032,2025-08,298,53.64,True,MISSING
CUST0032,MTR0032,2025-09,876,157.68,False,VALID
CUST0032,MTR0032,2025-10,215,38.7,False,VALID
CUST0032,MTR0032,2025-11,222,39.96,True,VALID
CUST0032,MTR0032,2025-12,309,55.62,False,VALID
CUST0033,MTR0033,2025-01,514,92.52,False,VALID
CUST0033,MTR0033,2025-02,1587,285.66,True,VALID
CUST0033,MTR0033,2025-03,567,102.06,True,VALID
CUST0033,MTR0033,2025-04,580,104.4,True,VALID
CUST0033,MTR0033,2025-05,515,92.7,False,ESTIMATED
CUST0033,MTR0033,2025-06,558,100.44,False,VALID
CUST0033,MTR0033,2025-07,530,95.4,False,ESTIMATED
CUST0033,MTR0033,2025-08,557,100.26,False,VALID
CUST0033,MTR0033,2025-09,521,93.78,False,VALID
CUST0033,MTR0033,2025-10,579,104.22,False,ESTIMATED
CUST0033,MTR0033,2025-11,522,93.96,False,VALID
CUST0033,MTR0033,2025-12,581,104.58,False,VALID
CUST0034,MTR0034,2025-01,234,42.12,False,VALID
CUST0034,MTR0034,2025-02,216,38.88,False,ESTIMATED
CUST0034,MTR0034,2025-03,278,50.04,False,MISSING
CUST0034,MTR0034,2025-04,226,40.68,False,VALID
CUST0034,MTR0034,2025-05,260,46.8,True,VALID
CUST0034,MTR0034,2025-06,286,51.48,False,MISSING
CUST0034,MTR0034,2025-07,276,49.68,False,ESTIMATED
CUST0034,MTR0034,2025-08,233,41.94,True,VALID
CUST0034,MTR0034,2025-09,290,52.2,False,MISSING
CUST0034,MTR0034,2025-10,208,37.44,False,ESTIMATED
CUST0034,MTR0034,2025-11,227,40.86,False,VALID
CUST0034,MTR0034,2025-12,249,44.82,False,VALID
CUST0035,MTR0035,2025-01,305,54.9,False,ESTIMATED
CUST0035,MTR0035,2025-02,296,53.28,False,VALID
CUST0035,MTR0035,2025-03,288,51.84,True,VALID
CUST0035,MTR0035,2025-04,262,47.16,False,ESTIMATED
CUST0035,MTR0035,2025-05,260,46.8,False,MISSING
CUST0035,MTR0035,2025-06,263,47.34,True,ESTIMATED
CUST0035,MTR0035,2025-07,299,53.82,True,ESTIMATED
CUST0035,MTR0035,2025-08,326,58.68,True,VALID
CUST0035,MTR0035,2025-09,282,50.76,False,MISSING
CUST0035,MTR0035,2025-10,314,56.52,False,VALID
CUST0035,MTR0035,2025-11,298,53.64,False,VALID
CUST0035,MTR0035,2025-12,590,106.2,False,VALID
CUST0036,MTR0036,2025-01,327,58.86,True,VALID
CUST0036,MTR0036,2025-02,1452,261.36,True,ESTIMATED
CUST0036,MTR0036,2025-03,402,72.36,True,VALID
CUST0036,MTR0036,2025-04,361,64.98,True,VALID
CUST0036,MTR0036,2025-05,337,60.66,True,VALID
CUST0036,MTR0036,2025-06,321,57.78,True,VALID
CUST0036,MTR0036,2025-07,359,64.62,False,VALID
CUST0036,MTR0036,2025-08,353,63.54,False,MISSING
CUST0036,MTR0036,2025-09,393,70.74,False,VALID
CUST0036,MTR0036,2025-10,340,61.2,False,VALID
CUST0036,MTR0036,2025-11,363,65.34,True,VALID
CUST0036,MTR0036,2025-12,390,70.2,False,MISSING
CUST0037,MTR0037,2025-01,643,115.74,True,VALID
CUST0037,MTR0037,2025-02,634,114.12,False,ESTIMATED
CUST0037,MTR0037,2025-03,656,118.08,True,VALID
CUST0037,MTR0037,2025-04,1950,351.0,False,MISSING
CUST0037,MTR0037,2025-05,1340,241.2,False,ESTIMATED
CUST0037,MTR0037,2025-06,634,114.12,False,MISSING
CUST0037,MTR0037,2025-07,583,104.94,False,VALID
CUST0037,MTR0037,2025-08,619,111.42,False,VALID
CUST0037,MTR0037,2025-09,589,106.02,False,ESTIMATED
CUST0037,MTR0037,2025-10,597,107.46,False,VALID
CUST0037,MTR0037,2025-11,2400,432.0,False,MISSING
CUST0037,MTR0037,2025-12,679,122.22,False,VALID
CUST0038,MTR0038,2025-01,347,62.46,False,ESTIMATED
CUST0038,MTR0038,2025-02,381,68.58,False,VALID
CUST0038,MTR0038,2025-03,802,144.36,True,VALID
CUST0038,MTR0038,2025-04,400,72.0,True,MISSING
CUST0038,MTR0038,2025-05,429,77.22,False,MISSING
CUST0038,MTR0038,2025-06,381,68.58,False,ESTIMATED
CUST0038,MTR0038,2025-07,415,74.7,True,ESTIMATED
CUST0038,MTR0038,2025-08,392,70.56,True,VALID
CUST0038,MTR0038,2025-09,383,68.94,False,VALID
CUST0038,MTR0038,2025-10,397,71.46,False,VALID
CUST0038,MTR0038,2025-11,430,77.4,False,MISSING
CUST0038,MTR0038,2025-12,397,71.46,False,ESTIMATED
CUST0039,MTR0039,2025-01,2082,374.76,False,MISSING
CUST0039,MTR0039,2025-02,615,110.7,False,MISSING
CUST0039,MTR0039,2025-03,683,122.94,False,VALID
CUST0039,MTR0039,2025-04,639,115.02,False,ESTIMATED
CUST0039,MTR0039,2025-05,1272,228.96,False,VALID
CUST0039,MTR0039,2025-06,649,116.82,True,VALID
CUST0039,MTR0039,2025-07,616,110.88,False,VALID
CUST0039,MTR0039,2025-08,685,123.3,False,VALID
CUST0039,MTR0039,2025-09,656,118.08,False,MISSING
CUST0039,MTR0039,2025-10,646,116.28,False,ESTIMATED
CUST0039,MTR0039,2025-11,632,113.76,True,VALID
CUST0039,MTR0039,2025-12,677,121.86,True,MISSING
CUST0040,MTR0040,2025-01,359,64.62,True,VALID
CUST0040,MTR0040,2025-02,344,61.92,False,MISSING
CUST0040,MTR0040,2025-03,382,68.76,False,MISSING
CUST0040,MTR0040,2025-04,375,67.5,True,MISSING
CUST0040,MTR0040,2025-05,376,67.68,False,ESTIMATED
CUST0040,MTR0040,2025-06,343,61.74,False,VALID
CUST0040,MTR0040,2025-07,343,61.74,False,ESTIMATED
CUST0040,MTR0040,2025-08,384,69.12,False,VALID
CUST0040,MTR0040,2025-09,330,59.4,False,MISSING
CUST0040,MTR0040,2025-10,360,64.8,False,VALID
CUST0040,MTR0040,2025-11,367,66.06,False,VALID
CUST0040,MTR0040,2025-12,336,60.48,False,VALID
CUST0041,MTR0041,2025-01,300,54.0,False,MISSING
CUST0041,MTR0041,2025-02,1224,220.32,False,VALID
CUST0041,MTR0041,2025-03,1324,238.32,True,ESTIMATED
CUST0041,MTR0041,2025-04,1404,252.72,False,MISSING
CUST0041,MTR0041,2025-05,311,55.98,False,VALID
CUST0041,MTR0041,2025-06,389,70.02,False,VALID
CUST0041,MTR0041,2025-07,312,56.16,False,MISSING
CUST0041,MTR0041,2025-08,399,71.82,False,VALID
CUST0041,MTR0041,2025-09,345,62.1,False,VALID
CUST0041,MTR0041,2025-10,323,58.14,False,MISSING
CUST0041,MTR0041,2025-11,368,66.24,False,VALID
CUST0041,MTR0041,2025-12,358,64.44,True,VALID
CUST0042,MTR0042,2025-01,524,94.32,False,VALID
CUST0042,MTR0042,2025-02,456,82.08,True,ESTIMATED
CUST0042,MTR0042,2025-03,475,85.5,False,ESTIMATED
CUST0042,MTR0042,2025-04,460,82.8,False,VALID
CUST0042,MTR0042,2025-05,526,94.68,False,ESTIMATED
CUST0042,MTR0042,2025-06,1527,274.86,False,VALID
CUST0042,MTR0042,2025-07,445,80.1,False,VALID
CUST0042,MTR0042,2025-08,494,88.92,False,VALID
CUST0042,MTR0042,2025-09,1852,333.36,False,VALID
CUST0042,MTR0042,2025-10,508,91.44,False,VALID
CUST0042,MTR0042,2025-11,479,86.22,False,VALID
CUST0042,MTR0042,2025-12,520,93.6,False,VALID
CUST0043,MTR0043,2025-01,234,42.12,False,VALID
CUST0043,MTR0043,2025-02,265,47.7,False,VALID
CUST0043,MTR0043,2025-03,259,46.62,False,VALID
CUST0043,MTR0043,2025-04,268,48.24,False,ESTIMATED
CUST0043,MTR0043,2025-05,1280,230.4,False,VALID
CUST0043,MTR0043,2025-06,320,57.6,False,ESTIMATED
CUST0043,MTR0043,2025-07,273,49.14,False,ESTIMATED
CUST0043,MTR0043,2025-08,286,51.48,False,VALID
CUST0043,MTR0043,2025-09,240,43.2,False,VALID
CUST0043,MTR0043,2025-10,855,153.9,False,VALID
CUST0043,MTR0043,2025-11,278,50.04,False,VALID
CUST0043,MTR0043,2025-12,248,44.64,False,VALID
CUST0044,MTR0044,2025-01,294,52.92,False,VALID
CUST0044,MTR0044,2025-02,1095,197.1,False,MISSING
CUST0044,MTR0044,2025-03,285,51.3,True,MISSING
CUST0044,MTR0044,2025-04,367,66.06,False,VALID
CUST0044,MTR0044,2025-05,347,62.46,True,VALID
CUST0044,MTR0044,2025-06,374,67.32,False,VALID
CUST0044,MTR0044,2025-07,333,59.94,False,MISSING
CUST0044,MTR0044,2025-08,378,68.04,False,VALID
CUST0044,MTR0044,2025-09,354,63.72,False,ESTIMATED
CUST0044,MTR0044,2025-10,347,62.46,False,VALID
CUST0044,MTR0044,2025-11,1320,237.6,False,ESTIMATED
CUST0044,MTR0044,2025-12,303,54.54,False,MISSING
CUST0045,MTR0045,2025-01,333,59.94,True,ESTIMATED
CUST0045,MTR0045,2025-02,254,45.72,False,VALID
CUST0045,MTR0045,2025-03,1316,236.88,False,VALID
CUST0045,MTR0045,2025-04,243,43.74,False,VALID
CUST0045,MTR0045,2025-05,292,52.56,True,VALID
CUST0045,MTR0045,2025-06,236,42.48,True,VALID
CUST0045,MTR0045,2025-07,246,44.28,True,VALID
CUST0045,MTR0045,2025-08,253,45.54,False,VALID
CUST0045,MTR0045,2025-09,252,45.36,False,VALID
CUST0045,MTR0045,2025-10,317,57.06,False,ESTIMATED
CUST0045,MTR0045,2025-11,311,55.98,False,VALID
CUST0045,MTR0045,2025-12,500,90.0,False,VALID
CUST0046,MTR0046,2025-01,317,57.06,True,VALID
CUST0046,MTR0046,2025-02,376,67.68,False,MISSING
CUST0046,MTR0046,2025-03,373,67.14,False,VALID
CUST0046,MTR0046,2025-04,406,73.08,True,MISSING
CUST0046,MTR0046,2025-05,390,70.2,False,MISSING
CUST0046,MTR0046,2025-06,343,61.74,False,MISSING
CUST0046,MTR0046,2025-07,311,55.98,False,MISSING
CUST0046,MTR0046,2025-08,315,56.7,False,MISSING
CUST0046,MTR0046,2025-09,386,69.48,False,VALID
CUST0046,MTR0046,2025-10,348,62.64,True,VALID
CUST0046,MTR0046,2025-11,325,58.5,True,MISSING
CUST0046,MTR0046,2025-12,344,61.92,False,ESTIMATED
CUST0047,MTR0047,2025-01,502,90.36,True,VALID
CUST0047,MTR0047,2025-02,415,74.7,False,VALID
CUST0047,MTR0047,2025-03,1302,234.36,False,VALID
CUST0047,MTR0047,2025-04,425,76.5,True,VALID
CUST0047,MTR0047,2025-05,438,78.84,False,VALID
CUST0047,MTR0047,2025-06,476,85.68,False,MISSING
CUST0047,MTR0047,2025-07,499,89.82,False,VALID
CUST0047,MTR0047,2025-08,444,79.92,False,ESTIMATED
CUST0047,MTR0047,2025-09,489,88.02,False,MISSING
CUST0047,MTR0047,2025-10,415,74.7,False,VALID
CUST0047,MTR0047,2025-11,447,80.46,False,VALID
CUST0047,MTR0047,2025-12,1374,247.32,False,VALID
CUST0048,MTR0048,2025-01,319,57.42,True,ESTIMATED
CUST0048,MTR0048,2025-02,302,54.36,False,MISSING
CUST0048,MTR0048,2025-03,354,63.72,False,ESTIMATED
CUST0048,MTR0048,2025-04,356,64.08,False,ESTIMATED
CUST0048,MTR0048,2025-05,328,59.04,False,VALID
CUST0048,MTR0048,2025-06,325,58.5,False,VALID
CUST0048,MTR0048,2025-07,348,62.64,False,ESTIMATED
CUST0048,MTR0048,2025-08,319,57.42,True,VALID
CUST0048,MTR0048,2025-09,370,66.6,True,VALID
CUST0048,MTR0048,2025-10,336,60.48,False,ESTIMATED
CUST0048,MTR0048,2025-11,366,65.88,False,ESTIMATED
CUST0048,MTR0048,2025-12,349,62.82,False,ESTIMATED
CUST0049,MTR0049,2025-01,341,61.38,False,VALID
CUST0049,MTR0049,2025-02,261,46.98,False,MISSING
CUST0049,MTR0049,2025-03,262,47.16,False,VALID
CUST0049,MTR0049,2025-04,253,45.54,False,VALID
CUST0049,MTR0049,2025-05,250,45.0,True,VALID
CUST0049,MTR0049,2025-06,307,55.26,False,VALID
CUST0049,MTR0049,2025-07,1168,210.24,False,MISSING
CUST0049,MTR0049,2025-08,273,49.14,False,VALID
CUST0049,MTR0049,2025-09,271,48.78,True,VALID
CUST0049,MTR0049,2025-10,260,46.8,False,MISSING
CUST0049,MTR0049,2025-11,274,49.32,False,ESTIMATED
CUST0049,MTR0049,2025-12,267,48.06,False,VALID
CUST0050,MTR0050,2025-01,528,95.04,False,VALID
CUST0050,MTR0050,2025-02,2048,368.64,False,VALID
CUST0050,MTR0050,2025-03,539,97.02,False,VALID
CUST0050,MTR0050,2025-04,492,88.56,True,VALID
CUST0050,MTR0050,2025-05,505,90.9,False,VALID
CUST0050,MTR0050,2025-06,556,100.08,False,ESTIMATED
CUST0050,MTR0050,2025-07,537,96.66,True,VALID
CUST0050,MTR0050,2025-08,471,84.78,False,ESTIMATED
CUST0050,MTR0050,2025-09,2192,394.56,False,VALID
CUST0050,MTR0050,2025-10,552,99.36,False,MISSING
CUST0050,MTR0050,2025-11,466,83.88,True,VALID
CUST0050,MTR0050,2025-12,526,94.68,True,MISSING
CUST0051,MTR0051,2025-01,386,69.48,False,VALID
CUST0051,MTR0051,2025-02,431,77.58,False,ESTIMATED
CUST0051,MTR0051,2025-03,450,81.0,False,VALID
CUST0051,MTR0051,2025-04,477,85.86,True,VALID
CUST0051,MTR0051,2025-05,421,75.78,False,VALID
CUST0051,MTR0051,2025-06,1724,310.32,False,VALID
CUST0051,MTR0051,2025-07,422,75.96,False,VALID
CUST0051,MTR0051,2025-08,464,83.52,False,ESTIMATED
CUST0051,MTR0051,2025-09,451,81.18,True,VALID
CUST0051,MTR0051,2025-10,396,71.28,False,VALID
CUST0051,MTR0051,2025-11,433,77.94,False,ESTIMATED
CUST0051,MTR0051,2025-12,469,84.42,False,VALID
CUST0052,MTR0052,2025-01,529,95.22,False,VALID
CUST0052,MTR0052,2025-02,587,105.66,False,MISSING
CUST0052,MTR0052,2025-03,2036,366.48,False,VALID
CUST0052,MTR0052,2025-04,520,93.6,False,MISSING
CUST0052,MTR0052,2025-05,513,92.34,False,ESTIMATED
CUST0052,MTR0052,2025-06,525,94.5,False,VALID
CUST0052,MTR0052,2025-07,582,104.76,False,MISSING
CUST0052,MTR0052,2025-08,592,106.56,False,VALID
CUST0052,MTR0052,2025-09,496,89.28,True,VALID
CUST0052,MTR0052,2025-10,584,105.12,False,ESTIMATED
CUST0052,MTR0052,2025-11,583,104.94,False,VALID
CUST0052,MTR0052,2025-12,588,105.84,False,VALID
CUST0053,MTR0053,2025-01,699,125.82,False,VALID
CUST0053,MTR0053,2025-02,704,126.72,True,MISSING
CUST0053,MTR0053,2025-03,1350,243.0,False,MISSING
CUST0053,MTR0053,2025-04,719,129.42,False,VALID
CUST0053,MTR0053,2025-05,723,130.14,False,MISSING
CUST0053,MTR0053,2025-06,732,131.76,False,VALID
CUST0053,MTR0053,2025-07,670,120.6,False,VALID
CUST0053,MTR0053,2025-08,701,126.18,True,VALID
CUST0053,MTR0053,2025-09,721,129.78,False,VALID
CUST0053,MTR0053,2025-10,730,131.4,False,VALID
CUST0053,MTR0053,2025-11,724,130.32,False,ESTIMATED
CUST0053,MTR0053,2025-12,1346,242.28,False,VALID
CUST0054,MTR0054,2025-01,589,106.02,False,VALID
CUST0054,MTR0054,2025-02,1845,332.1,False,VALID
CUST0054,MTR0054,2025-03,554,99.72,False,VALID
CUST0054,MTR0054,2025-04,588,105.84,False,ESTIMATED
CUST0054,MTR0054,2025-05,556,100.08,False,MISSING
CUST0054,MTR0054,2025-06,594,106.92,False,ESTIMATED
CUST0054,MTR0054,2025-07,636,114.48,True,VALID
CUST0054,MTR0054,2025-08,558,100.44,True,ESTIMATED
CUST0054,MTR0054,2025-09,551,99.18,False,ESTIMATED
CUST0054,MTR0054,2025-10,561,100.98,False,VALID
CUST0054,MTR0054,2025-11,620,111.6,False,VALID
CUST0054,MTR0054,2025-12,556,100.08,False,VALID
CUST0055,MTR0055,2025-01,527,94.86,False,VALID
CUST0055,MTR0055,2025-02,617,111.06,False,ESTIMATED
CUST0055,MTR0055,2025-03,582,104.76,False,MISSING
CUST0055,MTR0055,2025-04,615,110.7,True,VALID
CUST0055,MTR0055,2025-05,553,99.54,True,MISSING
CUST0055,MTR0055,2025-06,565,101.7,False,VALID
CUST0055,MTR0055,2025-07,621,111.78,False,VALID
CUST0055,MTR0055,2025-08,605,108.9,False,ESTIMATED
CUST0055,MTR0055,2025-09,1860,334.8,True,VALID
CUST0055,MTR0055,2025-10,575,103.5,False,VALID
CUST0055,MTR0055,2025-11,557,100.26,False,ESTIMATED
CUST0055,MTR0055,2025-12,572,102.96,False,VALID
CUST0056,MTR0056,2025-01,533,95.94,False,VALID
CUST0056,MTR0056,2025-02,595,107.1,False,ESTIMATED
CUST0056,MTR0056,2025-03,578,104.04,False,VALID
CUST0056,MTR0056,2025-04,596,107.28,False,VALID
CUST0056,MTR0056,2025-05,583,104.94,True,ESTIMATED
CUST0056,MTR0056,2025-06,610,109.8,False,ESTIMATED
CUST0056,MTR0056,2025-07,610,109.8,False,VALID
CUST0056,MTR0056,2025-08,582,104.76,False,MISSING
CUST0056,MTR0056,2025-09,560,100.8,False,ESTIMATED
CUST0056,MTR0056,2025-10,619,111.42,False,VALID
CUST0056,MTR0056,2025-11,552,99.36,False,ESTIMATED
CUST0056,MTR0056,2025-12,549,98.82,True,VALID
CUST0057,MTR0057,2025-01,329,59.22,False,VALID
CUST0057,MTR0057,2025-02,288,51.84,True,VALID
CUST0057,MTR0057,2025-03,310,55.8,True,VALID
CUST0057,MTR0057,2025-04,273,49.14,False,VALID
CUST0057,MTR0057,2025-05,260,46.8,False,ESTIMATED
CUST0057,MTR0057,2025-06,345,62.1,False,ESTIMATED
CUST0057,MTR0057,2025-07,277,49.86,True,ESTIMATED
CUST0057,MTR0057,2025-08,284,51.12,False,VALID
CUST0057,MTR0057,2025-09,338,60.84,False,MISSING
CUST0057,MTR0057,2025-10,303,54.54,False,ESTIMATED
CUST0057,MTR0057,2025-11,536,96.48,False,VALID
CUST0057,MTR0057,2025-12,279,50.22,True,ESTIMATED
CUST0058,MTR0058,2025-01,315,56.7,True,ESTIMATED
CUST0058,MTR0058,2025-02,305,54.9,True,ESTIMATED
CUST0058,MTR0058,2025-03,283,50.94,False,VALID
CUST0058,MTR0058,2025-04,295,53.1,False,VALID
CUST0058,MTR0058,2025-05,341,61.38,False,MISSING
CUST0058,MTR0058,2025-06,325,58.5,False,ESTIMATED
CUST0058,MTR0058,2025-07,321,57.78,False,ESTIMATED
CUST0058,MTR0058,2025-08,335,60.3,False,VALID
CUST0058,MTR0058,2025-09,582,104.76,False,MISSING
CUST0058,MTR0058,2025-10,347,62.46,True,VALID
CUST0058,MTR0058,2025-11,312,56.16,False,VALID
CUST0058,MTR0058,2025-12,325,58.5,True,VALID
CUST0059,MTR0059,2025-01,696,125.28,True,MISSING
CUST0059,MTR0059,2025-02,661,118.98,False,VALID
CUST0059,MTR0059,2025-03,674,121.32,True,VALID
CUST0059,MTR0059,2025-04,655,117.9,False,VALID
CUST0059,MTR0059,2025-05,654,117.72,False,MISSING
CUST0059,MTR0059,2025-06,669,120.42,False,MISSING
CUST0059,MTR0059,2025-07,1356,244.08,False,VALID
CUST0059,MTR0059,2025-08,628,113.04,True,VALID
CUST0059,MTR0059,2025-09,676,121.68,False,VALID
CUST0059,MTR0059,2025-10,678,122.04,True,VALID
CUST0059,MTR0059,2025-11,679,122.22,False,VALID
CUST0059,MTR0059,2025-12,665,119.7,True,MISSING
CUST0060,MTR0060,2025-01,1592,286.56,True,MISSING
CUST0060,MTR0060,2025-02,447,80.46,False,MISSING
CUST0060,MTR0060,2025-03,414,74.52,False,ESTIMATED
CUST0060,MTR0060,2025-04,389,70.02,False,VALID
CUST0060,MTR0060,2025-05,429,77.22,True,VALID
CUST0060,MTR0060,2025-06,427,76.86,False,VALID
CUST0060,MTR0060,2025-07,415,74.7,False,VALID
CUST0060,MTR0060,2025-08,1556,280.08,True,VALID
CUST0060,MTR0060,2025-09,838,150.84,True,VALID
CUST0060,MTR0060,2025-10,422,75.96,False,VALID
CUST0060,MTR0060,2025-11,403,72.54,False,VALID
CUST0060,MTR0060,2025-12,473,85.14,True,MISSING
CUST0061,MTR0061,2025-01,256,46.08,False,VALID
CUST0061,MTR0061,2025-02,256,46.08,False,ESTIMATED
CUST0061,MTR0061,2025-03,1232,221.76,True,VALID
CUST0061,MTR0061,2025-04,264,47.52,False,ESTIMATED
CUST0061,MTR0061,2025-05,301,54.18,False,VALID
CUST0061,MTR0061,2025-06,332,59.76,False,MISSING
CUST0061,MTR0061,2025-07,295,53.1,True,VALID
CUST0061,MTR0061,2025-08,318,57.24,True,VALID
CUST0061,MTR0061,2025-09,264,47.52,True,VALID
CUST0061,MTR0061,2025-10,341,61.38,False,VALID
CUST0061,MTR0061,2025-11,319,57.42,False,ESTIMATED
CUST0061,MTR0061,2025-12,332,59.76,False,ESTIMATED
CUST0062,MTR0062,2025-01,448,80.64,True,MISSING
CUST0062,MTR0062,2025-02,485,87.3,False,VALID
CUST0062,MTR0062,2025-03,471,84.78,False,ESTIMATED
CUST0062,MTR0062,2025-04,1464,263.52,False,VALID
CUST0062,MTR0062,2025-05,409,73.62,True,VALID
CUST0062,MTR0062,2025-06,956,172.08,False,VALID
CUST0062,MTR0062,2025-07,418,75.24,False,VALID
CUST0062,MTR0062,2025-08,413,74.34,True,VALID
CUST0062,MTR0062,2025-09,418,75.24,False,ESTIMATED
CUST0062,MTR0062,2025-10,472,84.96,False,VALID
CUST0062,MTR0062,2025-11,428,77.04,True,ESTIMATED
CUST0062,MTR0062,2025-12,1664,299.52,False,MISSING
CUST0063,MTR0063,2025-01,647,116.46,False,ESTIMATED
CUST0063,MTR0063,2025-02,697,125.46,True,MISSING
CUST0063,MTR0063,2025-03,706,127.08,False,MISSING
CUST0063,MTR0063,2025-04,693,124.74,False,VALID
CUST0063,MTR0063,2025-05,665,119.7,False,ESTIMATED
CUST0063,MTR0063,2025-06,691,124.38,False,VALID
CUST0063,MTR0063,2025-07,672,120.96,False,VALID
CUST0063,MTR0063,2025-08,684,123.12,False,ESTIMATED
CUST0063,MTR0063,2025-09,639,115.02,False,VALID
CUST0063,MTR0063,2025-10,618,111.24,False,VALID
CUST0063,MTR0063,2025-11,674,121.32,True,MISSING
CUST0063,MTR0063,2025-12,1406,253.08,True,MISSING
CUST0064,MTR0064,2025-01,389,70.02,True,ESTIMATED
CUST0064,MTR0064,2025-02,432,77.76,True,MISSING
CUST0064,MTR0064,2025-03,443,79.74,True,VALID
CUST0064,MTR0064,2025-04,438,78.84,False,VALID
CUST0064,MTR0064,2025-05,452,81.36,False,MISSING
CUST0064,MTR0064,2025-06,1816,326.88,True,VALID
CUST0064,MTR0064,2025-07,364,65.52,True,VALID
CUST0064,MTR0064,2025-08,454,81.72,False,VALID
CUST0064,MTR0064,2025-09,398,71.64,False,VALID
CUST0064,MTR0064,2025-10,402,72.36,False,VALID
CUST0064,MTR0064,2025-11,418,75.24,False,VALID
CUST0064,MTR0064,2025-12,435,78.3,False,MISSING
CUST0065,MTR0065,2025-01,1316,236.88,False,ESTIMATED
CUST0065,MTR0065,2025-02,651,117.18,False,VALID
CUST0065,MTR0065,2025-03,720,129.6,False,VALID
CUST0065,MTR0065,2025-04,699,125.82,False,VALID
CUST0065,MTR0065,2025-05,725,130.5,False,ESTIMATED
CUST0065,MTR0065,2025-06,704,126.72,False,VALID
CUST0065,MTR0065,2025-07,736,132.48,False,ESTIMATED
CUST0065,MTR0065,2025-08,678,122.04,False,VALID
CUST0065,MTR0065,2025-09,651,117.18,True,VALID
CUST0065,MTR0065,2025-10,739,133.02,False,VALID
CUST0065,MTR0065,2025-11,711,127.98,False,VALID
CUST0065,MTR0065,2025-12,688,123.84,True,ESTIMATED
CUST0066,MTR0066,2025-01,280,50.4,True,ESTIMATED
CUST0066,MTR0066,2025-02,283,50.94,False,MISSING
CUST0066,MTR0066,2025-03,290,52.2,False,VALID
CUST0066,MTR0066,2025-04,1104,198.72,True,VALID
CUST0066,MTR0066,2025-05,276,49.68,True,MISSING
CUST0066,MTR0066,2025-06,602,108.36,False,MISSING
CUST0066,MTR0066,2025-07,257,46.26,False,MISSING
CUST0066,MTR0066,2025-08,292,52.56,False,VALID
CUST0066,MTR0066,2025-09,317,57.06,True,MISSING
CUST0066,MTR0066,2025-10,269,48.42,True,VALID
CUST0066,MTR0066,2025-11,296,53.28,False,VALID
CUST0066,MTR0066,2025-12,1112,200.16,False,VALID
CUST0067,MTR0067,2025-01,353,63.54,False,VALID
CUST0067,MTR0067,2025-02,1020,183.6,True,VALID
CUST0067,MTR0067,2025-03,307,55.26,False,VALID
CUST0067,MTR0067,2025-04,268,48.24,False,VALID
CUST0067,MTR0067,2025-05,1232,221.76,True,VALID
CUST0067,MTR0067,2025-06,359,64.62,False,VALID
CUST0067,MTR0067,2025-07,273,49.14,False,VALID
CUST0067,MTR0067,2025-08,345,62.1,True,VALID
CUST0067,MTR0067,2025-09,270,48.6,False,ESTIMATED
CUST0067,MTR0067,2025-10,341,61.38,False,VALID
CUST0067,MTR0067,2025-11,359,64.62,False,VALID
CUST0067,MTR0067,2025-12,273,49.14,True,MISSING
CUST0068,MTR0068,2025-01,427,76.86,False,MISSING
CUST0068,MTR0068,2025-02,438,78.84,True,VALID
CUST0068,MTR0068,2025-03,506,91.08,False,MISSING
CUST0068,MTR0068,2025-04,497,89.46,False,VALID
CUST0068,MTR0068,2025-05,484,87.12,False,MISSING
CUST0068,MTR0068,2025-06,421,75.78,False,VALID
CUST0068,MTR0068,2025-07,434,78.12,False,VALID
CUST0068,MTR0068,2025-08,443,79.74,False,ESTIMATED
CUST0068,MTR0068,2025-09,463,83.34,False,MISSING
CUST0068,MTR0068,2025-10,445,80.1,True,MISSING
CUST0068,MTR0068,2025-11,486,87.48,True,ESTIMATED
CUST0068,MTR0068,2025-12,1792,322.56,True,ESTIMATED
CUST0069,MTR0069,2025-01,593,106.74,False,VALID
CUST0069,MTR0069,2025-02,628,113.04,False,MISSING
CUST0069,MTR0069,2025-03,600,108.0,False,MISSING
CUST0069,MTR0069,2025-04,633,113.94,False,VALID
CUST0069,MTR0069,2025-05,640,115.2,False,ESTIMATED
CUST0069,MTR0069,2025-06,586,105.48,False,MISSING
CUST0069,MTR0069,2025-07,600,108.0,False,VALID
CUST0069,MTR0069,2025-08,557,100.26,False,ESTIMATED
CUST0069,MTR0069,2025-09,626,112.68,False,VALID
CUST0069,MTR0069,2025-10,585,105.3,False,VALID
CUST0069,MTR0069,2025-11,2224,400.32,False,ESTIMATED
CUST0069,MTR0069,2025-12,643,115.74,False,MISSING
CUST0070,MTR0070,2025-01,682,122.76,False,MISSING
CUST0070,MTR0070,2025-02,1256,226.08,False,MISSING
CUST0070,MTR0070,2025-03,698,125.64,False,VALID
CUST0070,MTR0070,2025-04,694,124.92,False,VALID
CUST0070,MTR0070,2025-05,695,125.1,False,ESTIMATED
CUST0070,MTR0070,2025-06,690,124.2,False,VALID
CUST0070,MTR0070,2025-07,655,117.9,True,VALID
CUST0070,MTR0070,2025-08,683,122.94,False,ESTIMATED
CUST0070,MTR0070,2025-09,2440,439.2,False,VALID
CUST0070,MTR0070,2025-10,619,111.42,True,VALID
CUST0070,MTR0070,2025-11,634,114.12,True,VALID
CUST0070,MTR0070,2025-12,668,120.24,False,VALID
CUST0071,MTR0071,2025-01,335,60.3,False,VALID
CUST0071,MTR0071,2025-02,308,55.44,False,VALID
CUST0071,MTR0071,2025-03,307,55.26,False,ESTIMATED
CUST0071,MTR0071,2025-04,278,50.04,False,VALID
CUST0071,MTR0071,2025-05,298,53.64,True,MISSING
CUST0071,MTR0071,2025-06,296,53.28,False,VALID
CUST0071,MTR0071,2025-07,341,61.38,False,ESTIMATED
CUST0071,MTR0071,2025-08,314,56.52,False,ESTIMATED
CUST0071,MTR0071,2025-09,288,51.84,False,ESTIMATED
CUST0071,MTR0071,2025-10,280,50.4,False,VALID
CUST0071,MTR0071,2025-11,351,63.18,False,ESTIMATED
CUST0071,MTR0071,2025-12,335,60.3,False,VALID
CUST0072,MTR0072,2025-01,669,120.42,True,VALID
CUST0072,MTR0072,2025-02,657,118.26,False,VALID
CUST0072,MTR0072,2025-03,618,111.24,False,VALID
CUST0072,MTR0072,2025-04,704,126.72,True,ESTIMATED
CUST0072,MTR0072,2025-05,708,127.44,False,ESTIMATED
CUST0072,MTR0072,2025-06,656,118.08,False,VALID
CUST0072,MTR0072,2025-07,646,116.28,False,VALID
CUST0072,MTR0072,2025-08,609,109.62,False,ESTIMATED
CUST0072,MTR0072,2025-09,629,113.22,False,VALID
CUST0072,MTR0072,2025-10,662,119.16,False,VALID
CUST0072,MTR0072,2025-11,703,126.54,False,MISSING
CUST0072,MTR0072,2025-12,680,122.4,True,ESTIMATED
CUST0073,MTR0073,2025-01,598,107.64,True,VALID
CUST0073,MTR0073,2025-02,610,109.8,False,VALID
CUST0073,MTR0073,2025-03,593,106.74,True,VALID
CUST0073,MTR0073,2025-04,682,122.76,False,VALID
CUST0073,MTR0073,2025-05,616,110.88,True,ESTIMATED
CUST0073,MTR0073,2025-06,588,105.84,False,VALID
CUST0073,MTR0073,2025-07,672,120.96,False,ESTIMATED
CUST0073,MTR0073,2025-08,647,116.46,False,MISSING
CUST0073,MTR0073,2025-09,607,109.26,False,VALID
CUST0073,MTR0073,2025-10,668,120.24,True,ESTIMATED
CUST0073,MTR0073,2025-11,2600,468.0,True,VALID
CUST0073,MTR0073,2025-12,661,118.98,False,VALID
CUST0074,MTR0074,2025-01,730,131.4,False,VALID
CUST0074,MTR0074,2025-02,699,125.82,False,ESTIMATED
CUST0074,MTR0074,2025-03,654,117.72,False,ESTIMATED
CUST0074,MTR0074,2025-04,2796,503.28,False,VALID
CUST0074,MTR0074,2025-05,681,122.58,False,ESTIMATED
CUST0074,MTR0074,2025-06,658,118.44,True,ESTIMATED
CUST0074,MTR0074,2025-07,655,117.9,True,ESTIMATED
CUST0074,MTR0074,2025-08,674,121.32,False,VALID
CUST0074,MTR0074,2025-09,653,117.54,False,MISSING
CUST0074,MTR0074,2025-10,659,118.62,False,VALID
CUST0074,MTR0074,2025-11,658,118.44,False,MISSING
CUST0074,MTR0074,2025-12,691,124.38,False,MISSING
CUST0075,MTR0075,2025-01,640,115.2,False,VALID
CUST0075,MTR0075,2025-02,665,119.7,False,VALID
CUST0075,MTR0075,2025-03,682,122.76,False,VALID
CUST0075,MTR0075,2025-04,666,119.88,False,VALID
CUST0075,MTR0075,2025-05,726,130.68,True,VALID
CUST0075,MTR0075,2025-06,633,113.94,True,MISSING
CUST0075,MTR0075,2025-07,686,123.48,False,VALID
CUST0075,MTR0075,2025-08,661,118.98,False,VALID
CUST0075,MTR0075,2025-09,675,121.5,False,MISSING
CUST0075,MTR0075,2025-10,659,118.62,False,MISSING
CUST0075,MTR0075,2025-11,722,129.96,False,MISSING
CUST0075,MTR0075,2025-12,702,126.36,False,VALID
CUST0076,MTR0076,2025-01,714,128.52,False,MISSING
CUST0076,MTR0076,2025-02,722,129.96,False,MISSING
CUST0076,MTR0076,2025-03,675,121.5,False,VALID
CUST0076,MTR0076,2025-04,701,126.18,True,VALID
CUST0076,MTR0076,2025-05,744,133.92,False,VALID
CUST0076,MTR0076,2025-06,728,131.04,False,VALID
CUST0076,MTR0076,2025-07,655,117.9,False,VALID
CUST0076,MTR0076,2025-08,710,127.8,False,VALID
CUST0076,MTR0076,2025-09,726,130.68,True,VALID
CUST0076,MTR0076,2025-10,674,121.32,False,VALID
CUST0076,MTR0076,2025-11,689,124.02,True,ESTIMATED
CUST0076,MTR0076,2025-12,723,130.14,False,VALID
CUST0077,MTR0077,2025-01,374,67.32,True,ESTIMATED
CUST0077,MTR0077,2025-02,391,70.38,False,MISSING
CUST0077,MTR0077,2025-03,456,82.08,True,VALID
CUST0077,MTR0077,2025-04,438,78.84,False,VALID
CUST0077,MTR0077,2025-05,397,71.46,False,VALID
CUST0077,MTR0077,2025-06,379,68.22,False,VALID
CUST0077,MTR0077,2025-07,376,67.68,False,VALID
CUST0077,MTR0077,2025-08,431,77.58,False,VALID
CUST0077,MTR0077,2025-09,392,70.56,False,ESTIMATED
CUST0077,MTR0077,2025-10,423,76.14,True,ESTIMATED
CUST0077,MTR0077,2025-11,396,71.28,False,MISSING
CUST0077,MTR0077,2025-12,1568,282.24,False,ESTIMATED
CUST0078,MTR0078,2025-01,569,102.42,False,ESTIMATED
CUST0078,MTR0078,2025-02,2336,420.48,False,VALID
CUST0078,MTR0078,2025-03,591,106.38,False,VALID
CUST0078,MTR0078,2025-04,577,103.86,False,ESTIMATED
CUST0078,MTR0078,2025-05,599,107.82,False,VALID
CUST0078,MTR0078,2025-06,625,112.5,False,VALID
CUST0078,MTR0078,2025-07,1839,331.02,True,MISSING
CUST0078,MTR0078,2025-08,580,104.4,False,VALID
CUST0078,MTR0078,2025-09,635,114.3,False,MISSING
CUST0078,MTR0078,2025-10,587,105.66,True,VALID
CUST0078,MTR0078,2025-11,559,100.62,False,VALID
CUST0078,MTR0078,2025-12,604,108.72,False,VALID
CUST0079,MTR0079,2025-01,630,113.4,True,ESTIMATED
CUST0079,MTR0079,2025-02,2100,378.0,True,VALID
CUST0079,MTR0079,2025-03,649,116.82,True,VALID
CUST0079,MTR0079,2025-04,626,112.68,False,VALID
CUST0079,MTR0079,2025-05,660,118.8,True,VALID
CUST0079,MTR0079,2025-06,719,129.42,False,VALID
CUST0079,MTR0079,2025-07,624,112.32,False,MISSING
CUST0079,MTR0079,2025-08,660,118.8,True,MISSING
CUST0079,MTR0079,2025-09,646,116.28,False,VALID
CUST0079,MTR0079,2025-10,667,120.06,False,VALID
CUST0079,MTR0079,2025-11,632,113.76,True,VALID
CUST0079,MTR0079,2025-12,636,114.48,True,ESTIMATED
CUST0080,MTR0080,2025-01,292,52.56,True,VALID
CUST0080,MTR0080,2025-02,319,57.42,False,VALID
CUST0080,MTR0080,2025-03,268,48.24,False,VALID
CUST0080,MTR0080,2025-04,354,63.72,False,VALID
CUST0080,MTR0080,2025-05,333,59.94,False,ESTIMATED
CUST0080,MTR0080,2025-06,350,63.0,False,VALID
CUST0080,MTR0080,2025-07,266,47.88,True,MISSING
CUST0080,MTR0080,2025-08,338,60.84,True,VALID
CUST0080,MTR0080,2025-09,283,50.94,False,VALID
CUST0080,MTR0080,2025-10,288,51.84,True,VALID
CUST0080,MTR0080,2025-11,1324,238.32,False,VALID
CUST0080,MTR0080,2025-12,262,47.16,True,ESTIMATED
CUST0081,MTR0081,2025-01,620,111.6,False,VALID
CUST0081,MTR0081,2025-02,673,121.14,True,VALID
CUST0081,MTR0081,2025-03,661,118.98,False,VALID
CUST0081,MTR0081,2025-04,625,112.5,False,VALID
CUST0081,MTR0081,2025-05,617,111.06,True,VALID
CUST0081,MTR0081,2025-06,590,106.2,False,VALID
CUST0081,MTR0081,2025-07,626,112.68,False,VALID
CUST0081,MTR0081,2025-08,642,115.56,False,VALID
CUST0081,MTR0081,2025-09,617,111.06,False,MISSING
CUST0081,MTR0081,2025-10,641,115.38,False,MISSING
CUST0081,MTR0081,2025-11,662,119.16,False,VALID
CUST0081,MTR0081,2025-12,671,120.78,False,ESTIMATED
CUST0082,MTR0082,2025-01,337,60.66,False,VALID
CUST0082,MTR0082,2025-02,363,65.34,False,MISSING
CUST0082,MTR0082,2025-03,584,105.12,False,VALID
CUST0082,MTR0082,2025-04,351,63.18,False,ESTIMATED
CUST0082,MTR0082,2025-05,339,61.02,False,VALID
CUST0082,MTR0082,2025-06,294,52.92,True,VALID
CUST0082,MTR0082,2025-07,299,53.82,False,MISSING
CUST0082,MTR0082,2025-08,325,58.5,True,VALID
CUST0082,MTR0082,2025-09,356,64.08,False,VALID
CUST0082,MTR0082,2025-10,303,54.54,False,VALID
CUST0082,MTR0082,2025-11,294,52.92,True,MISSING
CUST0082,MTR0082,2025-12,375,67.5,False,ESTIMATED
CUST0083,MTR0083,2025-01,260,46.8,True,VALID
CUST0083,MTR0083,2025-02,287,51.66,True,VALID
CUST0083,MTR0083,2025-03,294,52.92,False,VALID
CUST0083,MTR0083,2025-04,313,56.34,False,VALID
CUST0083,MTR0083,2025-05,266,47.88,True,VALID
CUST0083,MTR0083,2025-06,336,60.48,True,VALID
CUST0083,MTR0083,2025-07,261,46.98,False,VALID
CUST0083,MTR0083,2025-08,340,61.2,False,VALID
CUST0083,MTR0083,2025-09,325,58.5,False,VALID
CUST0083,MTR0083,2025-10,307,55.26,False,VALID
CUST0083,MTR0083,2025-11,315,56.7,False,MISSING
CUST0083,MTR0083,2025-12,281,50.58,False,VALID
CUST0084,MTR0084,2025-01,537,96.66,True,ESTIMATED
CUST0084,MTR0084,2025-02,611,109.98,False,VALID
CUST0084,MTR0084,2025-03,584,105.12,False,VALID
CUST0084,MTR0084,2025-04,610,109.8,False,VALID
CUST0084,MTR0084,2025-05,598,107.64,True,VALID
CUST0084,MTR0084,2025-06,536,96.48,False,MISSING
CUST0084,MTR0084,2025-07,594,106.92,False,MISSING
CUST0084,MTR0084,2025-08,534,96.12,False,VALID
CUST0084,MTR0084,2025-09,594,106.92,False,VALID
CUST0084,MTR0084,2025-10,520,93.6,False,ESTIMATED
CUST0084,MTR0084,2025-11,520,93.6,False,ESTIMATED
CUST0084,MTR0084,2025-12,566,101.88,False,VALID
CUST0085,MTR0085,2025-01,433,77.94,False,VALID
CUST0085,MTR0085,2025-02,455,81.9,True,VALID
CUST0085,MTR0085,2025-03,385,69.3,False,ESTIMATED
CUST0085,MTR0085,2025-04,456,82.08,True,ESTIMATED
CUST0085,MTR0085,2025-05,445,80.1,False,ESTIMATED
CUST0085,MTR0085,2025-06,443,79.74,False,VALID
CUST0085,MTR0085,2025-07,422,75.96,False,VALID
CUST0085,MTR0085,2025-08,454,81.72,False,MISSING
CUST0085,MTR0085,2025-09,463,83.34,False,VALID
CUST0085,MTR0085,2025-10,415,74.7,False,ESTIMATED
CUST0085,MTR0085,2025-11,386,69.48,True,VALID
CUST0085,MTR0085,2025-12,435,78.3,True,VALID
CUST0086,MTR0086,2025-01,364,65.52,True,ESTIMATED
CUST0086,MTR0086,2025-02,363,65.34,True,VALID
CUST0086,MTR0086,2025-03,338,60.84,False,VALID
CUST0086,MTR0086,2025-04,359,64.62,False,ESTIMATED
CUST0086,MTR0086,2025-05,317,57.06,False,VALID
CUST0086,MTR0086,2025-06,404,72.72,False,VALID
CUST0086,MTR0086,2025-07,350,63.0,False,ESTIMATED
CUST0086,MTR0086,2025-08,338,60.84,False,VALID
CUST0086,MTR0086,2025-09,367,66.06,False,VALID
CUST0086,MTR0086,2025-10,375,67.5,True,ESTIMATED
CUST0086,MTR0086,2025-11,1472,264.96,False,VALID
CUST0086,MTR0086,2025-12,357,64.26,False,VALID
CUST0087,MTR0087,2025-01,323,58.14,False,MISSING
CUST0087,MTR0087,2025-02,336,60.48,False,VALID
CUST0087,MTR0087,2025-03,308,55.44,True,ESTIMATED
CUST0087,MTR0087,2025-04,327,58.86,False,ESTIMATED
CUST0087,MTR0087,2025-05,336,60.48,False,ESTIMATED
CUST0087,MTR0087,2025-06,341,61.38,False,MISSING
CUST0087,MTR0087,2025-07,370,66.6,False,VALID
CUST0087,MTR0087,2025-08,353,63.54,False,VALID
CUST0087,MTR0087,2025-09,325,58.5,True,MISSING
CUST0087,MTR0087,2025-10,359,64.62,True,MISSING
CUST0087,MTR0087,2025-11,331,59.58,False,VALID
CUST0087,MTR0087,2025-12,393,70.74,False,VALID
CUST0088,MTR0088,2025-01,388,69.84,False,MISSING
CUST0088,MTR0088,2025-02,335,60.3,True,VALID
CUST0088,MTR0088,2025-03,310,55.8,False,ESTIMATED
CUST0088,MTR0088,2025-04,311,55.98,False,VALID
CUST0088,MTR0088,2025-05,1320,237.6,False,VALID
CUST0088,MTR0088,2025-06,337,60.66,False,MISSING
CUST0088,MTR0088,2025-07,296,53.28,True,MISSING
CUST0088,MTR0088,2025-08,375,67.5,False,ESTIMATED
CUST0088,MTR0088,2025-09,634,114.12,False,VALID
CUST0088,MTR0088,2025-10,297,53.46,False,VALID
CUST0088,MTR0088,2025-11,300,54.0,False,VALID
CUST0088,MTR0088,2025-12,317,57.06,True,VALID
CUST0089,MTR0089,2025-01,410,73.8,True,VALID
CUST0089,MTR0089,2025-02,431,77.58,True,VALID
CUST0089,MTR0089,2025-03,425,76.5,True,VALID
CUST0089,MTR0089,2025-04,384,69.12,True,VALID
CUST0089,MTR0089,2025-05,419,75.42,False,MISSING
CUST0089,MTR0089,2025-06,764,137.52,False,VALID
CUST0089,MTR0089,2025-07,1257,226.26,False,MISSING
CUST0089,MTR0089,2025-08,455,81.9,False,VALID
CUST0089,MTR0089,2025-09,398,71.64,True,ESTIMATED
CUST0089,MTR0089,2025-10,394,70.92,False,VALID
CUST0089,MTR0089,2025-11,426,76.68,False,VALID
CUST0089,MTR0089,2025-12,438,78.84,False,VALID
CUST0090,MTR0090,2025-01,617,111.06,False,VALID
CUST0090,MTR0090,2025-02,1866,335.88,False,ESTIMATED
CUST0090,MTR0090,2025-03,592,106.56,False,MISSING
CUST0090,MTR0090,2025-04,652,117.36,False,ESTIMATED
CUST0090,MTR0090,2025-05,602,108.36,False,MISSING
CUST0090,MTR0090,2025-06,585,105.3,True,ESTIMATED
CUST0090,MTR0090,2025-07,650,117.0,False,VALID
CUST0090,MTR0090,2025-08,631,113.58,False,VALID
CUST0090,MTR0090,2025-09,595,107.1,False,VALID
CUST0090,MTR0090,2025-10,594,106.92,False,VALID
CUST0090,MTR0090,2025-11,647,116.46,True,VALID
CUST0090,MTR0090,2025-12,633,113.94,False,VALID
CUST0091,MTR0091,2025-01,311,55.98,False,MISSING
CUST0091,MTR0091,2025-02,325,58.5,False,ESTIMATED
CUST0091,MTR0091,2025-03,1588,285.84,True,VALID
CUST0091,MTR0091,2025-04,365,65.7,True,VALID
CUST0091,MTR0091,2025-05,918,165.24,False,MISSING
CUST0091,MTR0091,2025-06,766,137.88,True,MISSING
CUST0091,MTR0091,2025-07,322,57.96,False,VALID
CUST0091,MTR0091,2025-08,316,56.88,False,ESTIMATED
CUST0091,MTR0091,2025-09,299,53.82,True,MISSING
CUST0091,MTR0091,2025-10,385,69.3,False,VALID
CUST0091,MTR0091,2025-11,394,70.92,False,ESTIMATED
CUST0091,MTR0091,2025-12,355,63.9,False,ESTIMATED
CUST0092,MTR0092,2025-01,294,52.92,False,VALID
CUST0092,MTR0092,2025-02,263,47.34,True,VALID
CUST0092,MTR0092,2025-03,261,46.98,False,VALID
CUST0092,MTR0092,2025-04,358,64.44,False,VALID
CUST0092,MTR0092,2025-05,628,113.04,False,ESTIMATED
CUST0092,MTR0092,2025-06,331,59.58,True,VALID
CUST0092,MTR0092,2025-07,261,46.98,False,VALID
CUST0092,MTR0092,2025-08,334,60.12,True,ESTIMATED
CUST0092,MTR0092,2025-09,326,58.68,True,ESTIMATED
CUST0092,MTR0092,2025-10,286,51.48,False,VALID
CUST0092,MTR0092,2025-11,301,54.18,True,VALID
CUST0092,MTR0092,2025-12,295,53.1,True,VALID
CUST0093,MTR0093,2025-01,587,105.66,False,VALID
CUST0093,MTR0093,2025-02,2056,370.08,True,MISSING
CUST0093,MTR0093,2025-03,549,98.82,False,MISSING
CUST0093,MTR0093,2025-04,577,103.86,False,VALID
CUST0093,MTR0093,2025-05,595,107.1,False,VALID
CUST0093,MTR0093,2025-06,557,100.26,False,VALID
CUST0093,MTR0093,2025-07,560,100.8,False,ESTIMATED
CUST0093,MTR0093,2025-08,585,105.3,False,ESTIMATED
CUST0093,MTR0093,2025-09,526,94.68,True,VALID
CUST0093,MTR0093,2025-10,563,101.34,False,VALID
CUST0093,MTR0093,2025-11,536,96.48,False,ESTIMATED
CUST0093,MTR0093,2025-12,1749,314.82,False,ESTIMATED
CUST0094,MTR0094,2025-01,595,107.1,False,MISSING
CUST0094,MTR0094,2025-02,635,114.3,True,VALID
CUST0094,MTR0094,2025-03,1274,229.32,False,VALID
CUST0094,MTR0094,2025-04,596,107.28,False,ESTIMATED
CUST0094,MTR0094,2025-05,601,108.18,False,VALID
CUST0094,MTR0094,2025-06,682,122.76,False,VALID
CUST0094,MTR0094,2025-07,666,119.88,False,VALID
CUST0094,MTR0094,2025-08,593,106.74,False,VALID
CUST0094,MTR0094,2025-09,625,112.5,True,MISSING
CUST0094,MTR0094,2025-10,612,110.16,False,VALID
CUST0094,MTR0094,2025-11,610,109.8,False,VALID
CUST0094,MTR0094,2025-12,659,118.62,False,VALID
CUST0095,MTR0095,2025-01,474,85.32,False,VALID
CUST0095,MTR0095,2025-02,440,79.2,False,MISSING
CUST0095,MTR0095,2025-03,468,84.24,False,VALID
CUST0095,MTR0095,2025-04,385,69.3,False,VALID
CUST0095,MTR0095,2025-05,394,70.92,False,VALID
CUST0095,MTR0095,2025-06,782,140.76,False,VALID
CUST0095,MTR0095,2025-07,460,82.8,False,VALID
CUST0095,MTR0095,2025-08,454,81.72,False,MISSING
CUST0095,MTR0095,2025-09,458,82.44,True,ESTIMATED
CUST0095,MTR0095,2025-10,384,69.12,False,VALID
CUST0095,MTR0095,2025-11,394,70.92,True,VALID
CUST0095,MTR0095,2025-12,466,83.88,False,VALID
CUST0096,MTR0096,2025-01,285,51.3,False,VALID
CUST0096,MTR0096,2025-02,308,55.44,False,MISSING
CUST0096,MTR0096,2025-03,295,53.1,False,VALID
CUST0096,MTR0096,2025-04,280,50.4,True,MISSING
CUST0096,MTR0096,2025-05,273,49.14,True,VALID
CUST0096,MTR0096,2025-06,293,52.74,False,VALID
CUST0096,MTR0096,2025-07,810,145.8,False,ESTIMATED
CUST0096,MTR0096,2025-08,240,43.2,False,VALID
CUST0096,MTR0096,2025-09,327,58.86,False,ESTIMATED
CUST0096,MTR0096,2025-10,293,52.74,True,ESTIMATED
CUST0096,MTR0096,2025-11,304,54.72,False,MISSING
CUST0096,MTR0096,2025-12,245,44.1,False,ESTIMATED
CUST0097,MTR0097,2025-01,287,51.66,False,ESTIMATED
CUST0097,MTR0097,2025-02,251,45.18,True,MISSING
CUST0097,MTR0097,2025-03,246,44.28,False,MISSING
CUST0097,MTR0097,2025-04,284,51.12,False,VALID
CUST0097,MTR0097,2025-05,300,54.0,True,VALID
CUST0097,MTR0097,2025-06,263,47.34,True,VALID
CUST0097,MTR0097,2025-07,259,46.62,False,ESTIMATED
CUST0097,MTR0097,2025-08,239,43.02,False,VALID
CUST0097,MTR0097,2025-09,252,45.36,False,MISSING
CUST0097,MTR0097,2025-10,218,39.24,False,VALID
CUST0097,MTR0097,2025-11,285,51.3,False,ESTIMATED
CUST0097,MTR0097,2025-12,235,42.3,False,VALID
CUST0098,MTR0098,2025-01,658,118.44,False,VALID
CUST0098,MTR0098,2025-02,660,118.8,False,ESTIMATED
CUST0098,MTR0098,2025-03,1932,347.76,False,VALID
CUST0098,MTR0098,2025-04,626,112.68,False,VALID
CUST0098,MTR0098,2025-05,663,119.34,False,MISSING
CUST0098,MTR0098,2025-06,631,113.58,True,VALID
CUST0098,MTR0098,2025-07,653,117.54,True,VALID
CUST0098,MTR0098,2025-08,598,107.64,False,VALID
CUST0098,MTR0098,2025-09,661,118.98,False,VALID
CUST0098,MTR0098,2025-10,645,116.1,False,VALID
CUST0098,MTR0098,2025-11,624,112.32,False,VALID
CUST0098,MTR0098,2025-12,637,114.66,False,VALID
CUST0099,MTR0099,2025-01,545,98.1,False,MISSING
CUST0099,MTR0099,2025-02,577,103.86,False,MISSING
CUST0099,MTR0099,2025-03,591,106.38,False,MISSING
CUST0099,MTR0099,2025-04,614,110.52,False,MISSING
CUST0099,MTR0099,2025-05,571,102.78,True,VALID
CUST0099,MTR0099,2025-06,589,106.02,False,VALID
CUST0099,MTR0099,2025-07,579,104.22,False,VALID
CUST0099,MTR0099,2025-08,581,104.58,True,VALID
CUST0099,MTR0099,2025-09,622,111.96,False,VALID
CUST0099,MTR0099,2025-10,539,97.02,False,MISSING
CUST0099,MTR0099,2025-11,633,113.94,False,ESTIMATED
CUST0099,MTR0099,2025-12,604,108.72,True,VALID
